doc_id,title,text,content_type,source,source_url,grade,route_type,location,lat,lng,meta_avg_stars,meta_pitches,meta_length,meta_area_path,meta_num_likes,meta_post_date,meta_article_type,meta_author,meta_publication,meta_publication_year,meta_climb_year,meta_subreddit,meta_score,meta_num_comments,meta_created_utc
f83c6348003e,Access Denied,Access Denied is a 5.10b/c Sport climbing route. located in El Mirador El Potrero Chico Nuevo Leon Northern Mexico Mexico North America International. rated 2.9 stars. 4 pitches. 350.0 feet long. This is a really great route with awesome exposure and a really cool summit. It climbs obvious dihedrals and good face climbing up to the ridge. P1: 5.10a - 11 bolts P2: 5.10a - 9 bolts P3: 5.10c - 9 bolt,route,mountain_project,https://www.mountainproject.com/route/110149834/access-denied,5.10b/c,Sport,El Mirador El Potrero Chico Nuevo Leon Northern Mexico Mexico North America International,25.95044,-100.47755,2.9,4,350.0,California > San Francisco Bay Area > Castle Rock Area > California Ridge,,,,,,,,,,,
d9dccb0de4a9,Agave Nectar,Agave Nectar is a 5.10b/c Sport climbing route. located in Sugar Shack Cougar Canyon (Creek) - CONSTRUCTION IN PROGRESS Bow Valley Alberta Canada North America International. rated 2.0 stars. 1 pitches. from tabvar: Cool fins to roof thin holds over roof.. Protection: 4 bolts to anchor,route,mountain_project,https://www.mountainproject.com/route/110913861/agave-nectar,5.10b/c,Sport,Sugar Shack Cougar Canyon (Creek) - CONSTRUCTION IN PROGRESS Bow Valley Alberta Canada North America International,51.09642,-115.31767,2.0,1,,,,,,,,,,,,,
cf92fd1c5e3f,Ant & Bee do Yoga,"Ant & Bee do Yoga is a 5.10b/c Trad climbing route. located in The Hen House Kamloops British Columbia Canada North America International. rated 2.7 stars. 1 pitches. A safe mixed route with a bit of run out up top. You should probably avoiding touching the large detached boulder to the right of the anchor. #7 on topo.. Protection: mixed gear to 4""",route,mountain_project,https://www.mountainproject.com/route/112406525/ant-bee-do-yoga,5.10b/c,Trad,The Hen House Kamloops British Columbia Canada North America International,50.57212,-120.13873999999998,2.7,1,,,,,,,,,,,,,
aa5acd54c266,Besame Fuerte,Besame Fuerte is a 5.10b/c Sport climbing route. located in Pilon De Lolita Loreto Area Baja California Sur Mexico North America International. rated 2.0 stars. 1 pitches. 80.0 feet long. Start on a slab under a left leaning arched roof. Follow bolts up and left to the arete at the left hand side of the arching roof. Turn the roof and follow the bolts on the arete to a two bolt anchor at ledge.. P,route,mountain_project,https://www.mountainproject.com/route/116086400/besame-fuerte,5.10b/c,Sport,Pilon De Lolita Loreto Area Baja California Sur Mexico North America International,26.01097,-111.34166,2.0,1,80.0,,,,,,,,,,,,
d846eb73cc0c,Big Momma's Rock,Big Momma's Rock is a 5.10b/c Sport climbing route. located in The Courtyard Mamquam FSR Squamish British Columbia Canada North America International. rated 3.0 stars. 1 pitches. 60.0 feet long. Fun technical climbing. Tricky right off the bat.. Protection: bolts,route,mountain_project,https://www.mountainproject.com/route/114457722/big-mommas-rock,5.10b/c,Sport,The Courtyard Mamquam FSR Squamish British Columbia Canada North America International,49.71393,-123.09943,3.0,1,60.0,,,,,,,,,,,,
7538211655bb,In need of an XXS harness for a friend,"Topic: In need of an XXS harness for a friend. One of my climbing partners is currently using an XS Mammut Vision climbing harness that was the smallest women's harness we could find at the time it went down to 23.5"". When completely tightened it still is a little loose on her on the waist and the legs she's like 5' 100lbs or so. Things have been fine with the harness until this weekend when she t",forum_discussion,mountain_project_forum,https://www.mountainproject.com/forum,,,,,,,,,,10000.0,Jul 10 2012,,,,,,,,,
832da7a2b57a,In need of an XXS harness for a friend,Topic: In need of an XXS harness for a friend. maybe contact Yates about something custom?,forum_discussion,mountain_project_forum,https://www.mountainproject.com/forum,,,,,,,,,,10000.0,Jul 10 2012,,,,,,,,,
b2657a775254,In need of an XXS harness for a friend,Topic: In need of an XXS harness for a friend. Misty and Yates will both make (or already do) make a harness that will fit her. One note- you shouldnt anchor anyone with the haul loop- thats a good way to get a crushed pelvis- you should anchor off the belay loop instead- much more comfortable and easier to manage.,forum_discussion,mountain_project_forum,https://www.mountainproject.com/forum,,,,,,,,,,10000.0,Jul 10 2012,,,,,,,,,
9021d666a8d8,In need of an XXS harness for a friend,"Topic: In need of an XXS harness for a friend. Have you tried Petzel's xs women's harnesses? They fit both Sasha Digulian who is 5'2"" and 95lbs as well as myself at 5'3"" and 105lbs",forum_discussion,mountain_project_forum,https://www.mountainproject.com/forum,,,,,,,,,,10000.0,Jul 10 2012,,,,,,,,,
743571dc4d1f,In need of an XXS harness for a friend,Topic: In need of an XXS harness for a friend. If you do go the kids harness route avoid the wiz kid BD claims it is not for lead climbing use (probably lawyers talking but then again I don't like supporting companies who let their lawyers do all the talking) Singing Rock make two sizes of kids harnesses though w/ only 2 gear loops. The bigger one ought to fit the bill. The mammut kids harness is ,forum_discussion,mountain_project_forum,https://www.mountainproject.com/forum,,,,,,,,,,10000.0,Jul 10 2012,,,,,,,,,
c5ae8e362b0e,Plaquette/Guide Style Device,"Gear Review - Plaquette/Guide Style Device: Hi all I am in the market for a new plaquette style device. I currently have a Reverso 4 but I am contemplating between a Pivot ATC Guide or Reverso. I know they all operate essentially the same. When updateing my device I am looking for the device that has the least friction when bringing up a second in ""Guide Mode"". I already have a GIGI that I carry o",gear_review,mountain_project_forum,https://www.mountainproject.com/forum,,,,,,,,,,0.0,,,,,,,,,,
16d184a94758,Plaquette/Guide Style Device,Gear Review - Plaquette/Guide Style Device: Easiest on the elbows would definitely be a Grigri. I carry one in addition to the plaquette on short multi pitch routes (and some long ones too). Otherwise anything besides the Reverso. I've found it to have mucho drag. Make sure that you dedicate a nice round stock carabiner as the blocker too...,gear_review,mountain_project_forum,https://www.mountainproject.com/forum,,,,,,,,,,1.0,,,,,,,,,,
07b6cb71b8a7,Plaquette/Guide Style Device,Gear Review - Plaquette/Guide Style Device: Both the Pivot and the ATC guide accept ropes to 11mm according to their spec sheets. Some people claim the rotation of the Pivot makes it easier to pull in rope in guide mode but I haven't tried one so I can't speak to that personally. I agree with Mike that the blocking carabiner matters and a grigri is best for single followers. I use the grigri more ,gear_review,mountain_project_forum,https://www.mountainproject.com/forum,,,,,,,,,,0.0,,,,,,,,,,
e433f10b4953,Plaquette/Guide Style Device,"Gear Review - Plaquette/Guide Style Device: Thanks Adam! As a clarification When climbing most multipitch routes our party generally tends to carry one Gigi and one GriGri and switch at each belay. Where I currently am most the multipitch routes are about 3 pitches in length. On these I like to just carry my ""Guide"" device to keep things less cluttered and simple plus it is the most versitile bela",gear_review,mountain_project_forum,https://www.mountainproject.com/forum,,,,,,,,,,0.0,,,,,,,,,,
00ef3c8b3906,Plaquette/Guide Style Device,Gear Review - Plaquette/Guide Style Device: Right on Chris. In that case the Pivot is probably your best bet.,gear_review,mountain_project_forum,https://www.mountainproject.com/forum,,,,,,,,,,1.0,,,,,,,,,,
d11522fbc4e0,"The Great Game: A Difficult New Route up Koyo Zom, 51 Years After the First Ascent","The Great Game: A Difficult New Route up Koyo Zom, 51 Years After the First Ascent Location: Pakistan, Hindu Raj, Yarkhun Valley Type: Feature Article Author: Tom Livingstone Koyo Zom (6,877 meters) from the Yarkhun Valley. The northwest face is near the right skyline, with a steep icefield leading to a difficult mixed headwall and the long summit ridge. The upper northeast ridge is along the left",article,american_alpine_club,https://publications.americanalpineclub.org/articles/13201215543,,,"Pakistan, Hindu Raj, Yarkhun Valley",,,,,,,,,Feature Article,Tom Livingstone,AAJ,2020,2019,,,,
1a941078d80b,The Rockies: A Year in Review,"The Rockies: A Year in Review Location: Canada, Alberta, Canadian Rockies Type: Climbs And Expeditions Author: Ian Welsted Note: Some of the climbs highlighted in this summary are described in more detail elsewhere on this site. Follow the links for additional information and photos from these climbs. The spring season in the Rockies began with a tremendous first ascent, before quickly passing int",article,american_alpine_club,https://publications.americanalpineclub.org/articles/13201215538,,,"Canada, Alberta, Canadian Rockies",,,,,,,,,Climbs And Expeditions,Ian  Welsted,AAJ,2020,2019,,,,
0d3c5b4b58f5,"Chamlang, North Pillar Attempt and Northeast Couloir to Point 7,240m","Chamlang, North Pillar Attempt and Northeast Couloir to Point 7,240m Location: Nepal, Mahalangur Himal Barun Section Type: Climbs And Expeditions Author: Benjamin Védrines The unclimbed north pillar of Chamlang rising to Point 7,240m. The main summit, and the 2019 Czech route on the northwest face, are out of picture to the right. Photo by: Benjamin Védrines Chamlang has a certain aestheticism. It",article,american_alpine_club,https://publications.americanalpineclub.org/articles/13201215530,,,"Nepal, Mahalangur Himal Barun Section",,,,,,,,,Climbs And Expeditions,Benjamin  Védrines,AAJ,2020,2019,,,,
c78853d6c09a,Exploring the Yarkhun,"Exploring the Yarkhun Location: A Brief History of the Northernmost Hindu Raj in Pakistan Type: Climbs And Expeditions Author: Will Sim The Yarkhun Valley runs parallel to the Wakhan Corridor, just to the north in Afghanistan. The labeled glaciers are: (1) Madit, (2) Risht, (3) Shetor, (4) Ponarilio, (5) Kotalkash, (6) Koyo, (7) Pechus, (8) Chhatiboi, (9) Chikzar, (10) Chiantar, and (11) Chatiboi.",article,american_alpine_club,https://publications.americanalpineclub.org/articles/13201215545,,,A Brief History of the Northernmost Hindu Raj in Pakistan,,,,,,,,,Climbs And Expeditions,Will Sim,AAJ,2020,2019,,,,
5b83eea5b098,The Eiger (1992),"The Eiger (1992) Location: One-day solo ascent of the north face in winter Type: Climbs And Expeditions Author: Catherine Destivelle Making full use of the remaining daylight, I traversed 40 meters to the left to a small snow-covered platform below the Exit Cracks . I looked up and was staggered to see not a cascade of ice but a large, completely vertical groove of polished rock that had a light d",article,american_alpine_club,https://publications.americanalpineclub.org/articles/13201215513,,,One-day solo ascent of the north face in winter,,,,,,,,,Climbs And Expeditions,Catherine Destivelle,AAJ,2020,1992,,,,
35d00232c914,"ICU nurse Alex Pretti, killed by ICE agents in Minneapolis today","Title: ICU nurse Alex Pretti, killed by ICE agents in Minneapolis today Top comments: Swarmed by at minimum 4 agents, was on the ground when shot. Absolutely atrocious. There are people who knew him posting online about what a good person he was. RIP Alex, I hope the woman you were trying to help doesn't experience too much survivor's guilt. If this is what they are doing to ICU nurses in broad da",reddit_post,reddit,https://www.reddit.com/r/climbing/comments/1qlysq5/icu_nurse_alex_pretti_killed_by_ice_agents_in/,,,,,,,,,,,,,,,,,climbing,77112.0,750.0,1769288521.0
390b4e47e363,"Climbers for Net-neutrality: The net is an important, free and open resource for all climbers and mountaineers alike. Lets keep it that way!","Title: Climbers for Net-neutrality: The net is an important, free and open resource for all climbers and mountaineers alike. Lets keep it that way! Top comments: I shouldn't have to fight for this every 6 months. I hate my government. EDIT: I contacted my senators by email using this site (https://act.eff.org/action/congress-don-t-sell-the-internet-out). Fuck Ajit Pai Think of how shitty it would ",reddit_post,reddit,https://www.reddit.com/r/climbing/comments/7emzi9/climbers_for_netneutrality_the_net_is_an/,,,,,,,,,,,,,,,,,climbing,47898.0,100.0,1511313537.0
495e33ac2ca3,I'm moving to Los Angeles in February and don't know anyone. This is how I'm going to make new friends.,"Title: I'm moving to Los Angeles in February and don't know anyone. This is how I'm going to make new friends. Top comments: You seem like an interesting Pearson. Nothing Sexual .... Really creative idea. Just a couple points of feedback- might be good to include after climbing things you like such as beer or tacos, also need to swap hat for beanie for verification you can send Hey from /r/all Is ",reddit_post,reddit,https://www.reddit.com/r/climbing/comments/5m05we/im_moving_to_los_angeles_in_february_and_dont/,,,,,,,,,,,,,,,,,climbing,22733.0,463.0,1483548352.0
dee14d47d070,Got my 300 pound self up the wall,"Title: Got my 300 pound self up the wall Top comments: I was in your boat a few years ago, I started climbing at 300lbs and it has helped me loose it all. Big piece of advice as one big climber to another please take it slow. I hurt my self a bunch in the beginning because I was so determined to kill it right away. Take it slow and climb one 5.6/7 or V1/V2 at a time. Be competitive with your self ",reddit_post,reddit,https://www.reddit.com/r/climbing/comments/arcjm9/got_my_300_pound_self_up_the_wall/,,,,,,,,,,,,,,,,,climbing,17733.0,445.0,1550347988.0
776a286a8e7a,My sister's only exception in using a selfie stick.,"Title: My sister's only exception in using a selfie stick. Top comments: I'd love to do this but I know my fear of heights would totally limit me Edit:This stupid comment blew up a bit. Thanks for all the comments and messages all Where at? This is amazing! I had to sit back in my chair, look down, and remind myself that I was currently on solid ground when I saw this. The vertigo is real. Awesome",reddit_post,reddit,https://www.reddit.com/r/climbing/comments/68ln70/my_sisters_only_exception_in_using_a_selfie_stick/,,,,,,,,,,,,,,,,,climbing,13717.0,245.0,1493641403.0
